{"cameraMode":{"drawMode":0,"name":"Shaded","section":"Shading Mode"},"sceneLighting":true,"audioPlay":false,"sceneViewState":{"m_AlwaysRefresh":false,"showFog":true,"showSkybox":true,"showFlares":true,"showImageEffects":true,"showParticleSystems":true,"showVisualEffectGraphs":true,"m_FxEnabled":true},"in2DMode":false,"pivot":{"x":-6.9592437744140629,"y":16.61292266845703,"z":0.7175921201705933},"rotation":{"x":0.28739261627197268,"y":0.6783650517463684,"z":-0.33046039938926699,"w":0.5899499654769898},"size":0.8137505054473877,"orthographic":false}